X1,X2,X3,Y1,Y,a
"0,7106615457","0,5788534921","0,834068564","2,058659293","2,112084757",6
"0,9931824884","0,9811986853","0,7380615314","4,315487188","4,471188828",
"0,139235543","0,055424587","0,7274321895","0,03368188153","0,03546704493",
"0,1504354795","0,4186453673","0,4556687797","0,1721857032","0,1760209237",
"0,1001924993","0,3027005699","0,9078350492","0,1651987074","0,1627392887",
"0,1633952711","0,8692210807","0,06670686998","0,05684490528","0,05593773015",
"0,6025975477","0,06379630712","0,8801038133","0,2030056163","0,1927607556",
"0,9333153977","0,7874173561","0,540634776","2,383903342","2,564607821",
"0,3724424295","0,7020752061","0,08350183037","0,131005652","0,1436607771",
"0,5721203556","0,6016483686","0,4171934822","0,8616262243","0,7838531075",
"0,4125896672","0,989832805","0,6054914883","1,483677406","1,587515852",
"0,3081204785","0,7728362866","0,7629152105","1,090022827","1,056642762",
"0,4340244662","0,00194732002","0,1048049383","0,0005314770767","0,0005753786456",
"0,3954598659","0,5586773962","0,9021585948","1,195907684","1,154736681",
"0,9546039664","0,3676187491","0,565253176","1,190186854","1,11334434",
"0,3724391546","0,5526916196","0,5353134935","0,6611464231","0,6922375973",
"0,3677987882","0,5384275935","0,07514882429","0,08929169013","0,09110082357",
"0,3185306598","0,6837235218","0,08605536919","0,1124503948","0,1018396683",
"0,245611447","0,8785462789","0,7427639479","0,9616461864","0,9090293602",
"0,6610764128","0,7211098912","0,05073143515","0,1451047112","0,1587151717",
"0,7649357588","0,574788843","0,5114006021","1,349105083","1,470787526",
"0,9211488955","0,6178264156","0,7844478954","2,678623417","2,436396964",
"0,7212255967","0,480170694","0,5020508474","1,043195577","1,093793297",
"0,107805905","0,1262710855","0,7816467955","0,06384226194","0,06296034622",
"0,73172746","0,752776566","0,3890221684","1,285704148","1,358196451",
"0,2680558995","0,8797529904","0,7784798946","1,101500688","1,143622866",
"0,1250808167","0,3181365932","0,5841871691","0,1394786062","0,1512767838",
"0,676461155","0,5911786257","0,3078045377","0,7385635234","0,6867133435",
"0,6853139219","0,8822421137","0,8766905986","3,180350161","2,927132971",
"0,9567675239","0,6759346251","0,01595846313","0,06192320615","0,05662103511",
"0,9647897384","0,1461807807","0,933143612","0,7896282733","0,8428560647",
"0,9247022816","0,6587489743","0,6475672711","2,366780718","2,593373896",
"0,7292480585","0,5426397885","0,3228156533","0,7664657488","0,7749299384",
"0,4356995593","0,3276956498","0,117565079","0,10071343","0,1035646954",
"0,2536261706","0,8278506229","0,6854781245","0,8635567728","0,8151151014",
"0,02648940457","0,1089322882","0,2185658503","0,003784098039","0,003557534315",
"0,4828312298","0,1466868737","0,3268700271","0,1389034252","0,1278380597",
"0,621041994","0,3628010946","0,9100259233","1,230253391","1,301221687",
"0,4182131689","0,2484597961","0,00687797252","0,004288106028","0,004500964199",
"0,1982398121","0,7582701221","0,6597363029","0,5950267003","0,621873727",
"0,7274092929","0,6994935755","0,4052071741","1,237060533","1,207961694",
"0,7129256755","0,03417121301","0,2676443245","0,03912135966","0,03753796107",
"0,3198784875","0,626935976","0,7134507095","0,8584666941","0,8623342367",
"0,04884094035","0,9712424789","0,009524458818","0,002710836","0,002589728935",
"0,1283262714","0,4757274992","0,8440479202","0,309166327","0,2960382588",
"0,6397445474","0,40068124","0,7594179517","1,1679862","1,102790031",
"0,3109728517","0,7845975412","0,7767939114","1,13717285","1,073952528",
"0,1051364291","0,3879509791","0,1539852606","0,03768430216","0,03768393378",
"0,5929913458","0,2328851321","0,8215760006","0,6807522936","0,7432931646",
"0,7440673713","0,1332846909","0,4710343768","0,2802827588","0,2726577724",
"0,1273287854","0,4015298172","0,8792556809","0,2697185592","0,2612326707",
"0,6521982627","0,6041307968","0,03369878827","0,07966657532","0,08677385547",
"0,5335220695","0,3805007492","0,7765898613","0,9459122983","1,008398156",
"0,1643933656","0,8942694925","0,8993579233","0,793298289","0,7405218605",
"0,204170815","0,6711135133","0,1594313406","0,1310734089","0,143779052",
"0,07164289433","0,9271789303","0,8298703866","0,330748737","0,3147277136",
"0,4166849529","0,73313096","0,3029159896","0,5552170913","0,5367822157",
"0,8640757605","0,4782753219","0,001592341384","0,003948364401","0,003735176192",
"0,6951707668","0,04939152754","0,1678241984","0,03457401298","0,03731287269",
"0,06144474321","0,8758320737","0,237677738","0,07674415967","0,07987621844",
"0,5043618446","0,0892104258","0,5567970521","0,1503162783","0,1533251276",
"0,4120583824","0,9007725431","0,3221229965","0,7173760507","0,6607431675",
"0,07297452605","0,9883422657","0,8387310679","0,3629548731","0,3894634439",
"0,4771457023","0,7913222609","0,9788727999","2,217593351","2,175720272",
"0,6145291124","0,8983832046","0,278725709","0,9232777403","0,9775056736",
"0,4296403821","0,2730216828","0,6171130333","0,4343283743","0,4155814111",
"0,6944093234","0,6407612404","0,9767963345","2,60775657","2,397808705",
"0,04705484669","0,7842839597","0,9058422598","0,2005771812","0,189101448",
"0,06574365078","0,7066704713","0,05170287641","0,0144124136","0,01514030065",
"0,08330417737","0,6121040403","0,5502485862","0,1683457714","0,1674876772",
"0,1247139674","0,5293350237","0,3553109481","0,1407361173","0,1523947508",
"0,8829773318","0,2543819621","0,405774722","0,546854898","0,5167379319",
"0,7073881201","0,9018447739","0,3446570321","1,319252571","1,248065368",
"0,1257126461","0,7004338037","0,8425978535","0,4451615687","0,43461052",
"0,3325164551","0,08362474747","0,02821543298","0,004707452329","0,005145683976",
"0,5332074018","0,388573816","0,3262790781","0,4056114244","0,3920630514",
"0,08343534169","0,5206374971","0,2227687272","0,05806186293","0,05646293049",
"0,7653015217","0,7312320447","0,7253695843","2,43555748","2,290301411",
"0,09091683875","0,7660586189","0,8688990677","0,3631005538","0,3386444292",
"0,3059653127","0,3691168585","0,3127431643","0,2119215641","0,1938390452",
"0,3292495972","0,5249146826","0,3457031185","0,3584829632","0,3899619361",
"0,07946316418","0,7547639775","0,6664266124","0,2398173506","0,2615572209",
"0,04991592005","0,2316667011","0,6662701364","0,04622791359","0,04816431167",
"0,7291532842","0,5038746676","0,2729172756","0,6016219024","0,5682379642",
"0,358950747","0,005714247349","0,02025963012","0,0002493312184","0,000258774961",
"0,7771385697","0,8747107372","0,1197304076","0,4883358776","0,4961518726",
"0,9815627706","0,5961729251","0,332204729","1,166399669","1,264075718",
"0,306251372","0,1291729445","0,6656525462","0,157996858","0,1514527388",
"0,2651242892","0,2320447734","0,6257073621","0,2309637505","0,2106456914",
"0,8637044963","0,7348670793","0,4814633225","1,833531737","1,832371847",
"0,6415775815","0,423192883","0,9043648208","1,473270341","1,330970184",
"0,1783687185","0,929400897","0,4484195101","0,4460232825","0,4097239865",
"0,6231687318","0,3256049535","0,6880815268","0,8376986315","0,9061540029",
"0,164362903","0,08342736352","0,5273945227","0,04339095293","0,04656368253",
"0,5398382622","0,4836683879","0,06450870318","0,1010603802","0,1058239423",
"0,9089117907","0,2677483742","0,8121771638","1,185906923","1,302568986",
"0,5693295036","0,6130892028","0,2439742159","0,5109548659","0,4718082342",
"0,7218104479","0,1054418252","0,3531274324","0,1612570779","0,1591246465",
"0,6670030453","0,6893029378","0,8347999831","2,302881698","2,216568314",
"0,3700255719","0,2289154219","0,2823587262","0,1435024298","0,1402057052",
"0,1044760271","0,3845041662","0,904861221","0,2180976197","0,2130856571",
"0,7997858617","0,7735957403","0,2421850275","0,8990551498","0,8464001812",
"0,8856731796","0,8566444501","0,9632540605","4,384965671","4,354706994",
"0,6289102139","0,3373254931","0,3711849841","0,4724756828","0,4380992569",
"0,06493686862","0,868927714","0,2097634361","0,07101597112","0,06904272755",
"0,5961632779","0,6832844937","0,9464615174","2,313241617","2,348105618",
"0,2618834408","0,119595063","0,2643437425","0,04967542312","0,04475946469",
"0,8073095837","0,3333192123","0,7292118541","1,177349558","1,162509921",
"0,5972153179","0,7283999679","0,4370501725","1,140731417","1,215451733",
"0,7975804031","0,710027656","0,5793874244","1,968656997","2,074564892",
"0,08634032434","0,8755104141","0,8419186538","0,3818531473","0,345353163",
"0,118914499","0,9650008555","0,6629640214","0,4564610442","0,4673958696",
"0,7751659147","0,2661443034","0,03544881311","0,0438798154","0,04721122755",
"0,7921598845","0,3555857575","0,6942269358","1,173302278","1,215913185",
"0,7147110813","0,1236833308","0,6889756376","0,3654237783","0,4017264574",
"0,677118329","0,4848547768","0,9607015887","1,892413371","2,058791554",
"0,2062197219","0,8470731304","0,2298334775","0,2408882638","0,2601983438",
"0,697703516","0,8337133215","0,1482458002","0,5173938969","0,4824398406",
"0,6423992737","0,9348900126","0,6324505553","2,278995093","2,398051966",
"0,2095081371","0,427944802","0,1998124207","0,1074885941","0,1019308076",
"0,08750479474","0,7365420854","0,159122818","0,06153371409","0,06364577183",
"0,3598083665","0,7873025273","0,03805847304","0,06468677704","0,06928716483",
"0,4216256994","0,5768096187","0,9710841272","1,416992901","1,549840588",
"0,5156694056","0,2924544649","0,09701761516","0,08778725451","0,0918233621",
"0,1932150054","0,6775731728","0,1116253613","0,08768214832","0,08121255242",
"0,1276747506","0,02574205914","0,3322838662","0,006552526819","0,0066146149",
"0,127265623","0,5125106831","0,4405479022","0,1724083987","0,176463919",
"0,3613284375","0,94352146","0,006523525187","0,01334404566","0,01405048926",
"0,7013393098","0,0472759253","0,03742810707","0,007445902293","0,006926941095",
"0,5249462138","0,824635524","0,8247092229","2,14204677","2,252596986",
"0,08277707707","0,08783081724","0,3323988621","0,0144999929","0,01368290848",
"0,514550934","0,91776515","0,3714483955","1,052469866","1,099380231",
"0,6008705862","0,3599529057","0,5379322319","0,6980804028","0,6539702025",
"0,8987417932","0,1395948877","0,6844816647","0,515249431","0,4659279032",
"0,4686869726","0,2283590662","0,6920639985","0,4444251715","0,4350065145",
"0,7986617914","0,3186008378","0,7902973456","1,206567422","1,202949416",
"0,6598712951","0,2173840991","0,9593974692","0,8257276535","0,8729422453",
"0,7521112633","0,551644235","0,1894174505","0,4715333493","0,5075694471",
"0,2534848157","0,8778627457","0,5259391755","0,7022073","0,6405826981",
"0,3617448218","0,6613804746","0,3729549509","0,5353789845","0,4854392286",
"0,5802809157","0,5460423519","0,05036468802","0,09575071259","0,1024460033",
"0,7434646118","0,8838394824","0,1943398514","0,7662082365","0,7129142609",
"0,6104070214","0,227383818","0,858819328","0,7152076238","0,7648546326",
"0,8440281103","0,8525940163","0,2296093574","0,9913797068","1,08685305",
"0,01710809173","0,1064998724","0,8820833589","0,009642986014","0,01026224536",
"0,2710967411","0,2070301556","0,5084257248","0,1712129745","0,1669807642",
"0,6134768664","0,007862228289","0,3002598065","0,008689450054","0,00794968635",
"0,7621547699","0,4688117377","0,261217791","0,5600098313","0,570060304",
"0,5976580758","0,8120435607","0,3765798193","1,096580231","1,055802772",
"0,1517493145","0,3872595769","0,6338621561","0,2234986882","0,235781594",
"0,5422987586","0,2490270562","0,5021014971","0,4068439964","0,4039383758",
"0,2232849255","0,6387425667","0,901568318","0,7714986228","0,8452771743",
"0,9407038388","0,3515248308","0,8387580573","1,6641669","1,60036858",
"0,1492216692","0,4181199511","0,2526845493","0,0945938109","0,08805550906",
"0,5674877671","0,9434282629","0,5192753851","1,668070392","1,732685329",
"0,03216959911","0,125728911","0,09868808873","0,002394951876","0,002531569389",
"0,9460172027","0,9757274822","0,3469347533","1,921439118","1,941595458",
"0,01236288485","0,5284495931","0,4394876123","0,01722746121","0,01692071063",
"0,9372481978","0,9968656865","0,6221344884","3,487600964","3,192512806",
"0,3607829236","0,6581939787","0,6172937569","0,8795145199","0,8777969929",
"0,3014341404","0,07704462309","0,7204660427","0,1003921004","0,1080934492",
"0,2413478754","0,4590793121","0,824771264","0,5482971317","0,5240187677",
"0,0404982125","0,6951037102","0,5509446882","0,09305607107","0,1012489622",
"0,4127937934","0,1620028428","0,6941746482","0,2785324463","0,3050645186",
"0,2376357764","0,3690140835","0,05363301899","0,02821878176","0,03060486289",
"0,01696016475","0,3619057528","0,8370038661","0,03082508392","0,03346003206",
"0,8830698613","0,6716437724","0,5517981606","1,963656655","2,043448772",
"0,9341041431","0,3113935206","0,184845179","0,3225999149","0,334367806",
"0,05008537018","0,05526874843","0,481709575","0,008000682706","0,007215357409",
"0,5996747433","0,4903892964","0,711055262","1,254617512","1,34436157",
"0,5808968383","0,02245880309","0,7880959763","0,06169017194","0,05911882159",
"0,9958758445","0,7340800685","0,6024977704","2,642745399","2,838413286",
"0,8030681259","0,36671703","0,9281447316","1,640024824","1,572552624",
"0,03365433122","0,2226451651","0,1664724765","0,007484243757","0,007175995604",
"0,4477352727","0,7809773666","0,8828798146","1,852305411","1,765560655",
"0,2079135699","0,2813246662","0,8692333141","0,3050550794","0,281469848",
"0,9325396842","0,2412754878","0,07104893587","0,09591562315","0,0984941112",
"0,1753431258","0,9866158618","0,5311414038","0,5513130152","0,6003551531",
"0,134845539","0,4402374624","0,414674772","0,1477006631","0,1615798969",
"0,4079663464","0,005221293441","0,1747410808","0,002233308448","0,002058101023",
"0,1724962116","0,7222342548","0,662682058","0,4953522121","0,4747160332",
"0,9071619936","0,3413839419","0,6141979117","1,141267688","1,154299506",
"0,06619559774","0,58901287","0,1631385621","0,03816469298","0,03495785696",
"0,9164561409","0,8731286057","0,06904556499","0,3314949683","0,3178405331",
"0,3438369976","0,8593432917","0,6373982754","1,130007774","1,125769005",
"0,8938795846","0,8095043319","0,8166222931","3,545444388","3,315509021",
"0,1051298947","0,01484808511","0,7806952337","0,007311886745","0,006821058466",
"0,6463364182","0,7931350053","0,8036330867","2,471808405","2,516345681",
"0,06519835609","0,5109654336","0,151511005","0,03028472235","0,03020915078",
"0,3925543562","0,05230557599","0,8087711031","0,09963792307","0,0974258315",
"0,9870798638","0,8193202998","0,3524639199","1,71029854","1,625912838",
"0,7142297499","0,2246345975","0,9792161585","0,9426368283","0,9865917838",
"0,3719954949","0,4661498501","0,8127987679","0,8456633638","0,83106845",
"0,4365121745","0,6334297003","0,601170902","0,9973417179","0,9244691487",
"0,5577755252","0,1894796795","0,9991764029","0,6336005047","0,6918692156",
"0,7116882314","0,5045372439","0,7585889837","1,634333929","1,585618776",
"0,5629166334","0,7322378311","0,8778809366","2,171116427","2,225178836",
"0,1796454932","0,9254510269","0,9882188806","0,9857667505","1,050758517",
"0,2675499353","0,4743026576","0,2764099554","0,2104579518","0,206119279",
"0,4643659758","0,03233214506","0,2594727271","0,02337426033","0,02523706778",
"0,3323715039","0,6666199561","0,1224497831","0,1627838678","0,1659281924",
"0,3093890929","0,6802341045","0,1540048723","0,194468432","0,2017047729",
"0,6897118072","0,1261246619","0,628344486","0,3279568711","0,3599985299",
"0,9320886","0,6261689633","0,2549446516","0,8927829542","0,80792271",
"0,3929045666","0,8705218099","0,422353079","0,8667495959","0,8147709204",
"0,2150491562","0,4057615645","0,6952909322","0,3640210224","0,3335386928",
"0,05459333842","0,8844026698","0,5653862056","0,1637895373","0,1568031102",
"0,8842493284","0,6873162734","0,9779903386","3,566294306","3,757037018",
"0,3433402519","0,4082037535","0,8227798999","0,6918893395","0,6782104507",
"0,03273136267","0,9704829056","0,4387535274","0,08362263487","0,08798873005",
"0,9207643015","0,3027898543","0,5523825917","0,9240192649","0,8457719549",
"0,1226569854","0,2918021409","0,6519136486","0,1399980815","0,1319177027",
"0,4964363268","0,9667168961","0,01830903998","0,05272052012","0,05794438142",
"0,7789351862","0,7908056436","0,2079148164","0,7684361224","0,7639598405",
"0,1410354351","0,3503881272","0,8177864048","0,2424760011","0,236359833",
"0,3179067536","0,9657372534","0,3497843682","0,6443330172","0,6950803451",
"0,7440785798","0,02936632402","0,7183384633","0,09417784757","0,08974891711",
"0,5319509324","0,548170279","0,1297590473","0,2270261887","0,2196060414",
"0,223257019","0,3541765716","0,4240090313","0,2011644845","0,1973002116",
"0,9755390904","0,6947659122","0,9237987056","3,756745531","3,598242245",
"0,3085582879","0,000290071453","0,3304208913","0,0001774438515","0,0001731720531",
"0,0235170451","0,6292212542","0,1618509744","0,01436986555","0,01564236789",
"0,03455213539","0,9919971172","0,9753367117","0,2005816154","0,1920254561",
"0,6546983501","0,6682859965","0,03937334075","0,1033611001","0,09646151227",
"0,4052311253","0,4880697952","0,7582893696","0,899851708","0,9829878934",
"0,06276526875","0,3859059688","0,2678430113","0,03892534388","0,03966698446",
"0,5525056881","0,3941112112","0,2821655209","0,3686470283","0,4015988018",
"0,3246974615","0,3655239526","0,7989887445","0,5689664343","0,566082081",
"0,4248650012","0,6330474173","0,8818638784","1,423115021","1,415562329",
"0,9303013527","0,871904745","0,07257862099","0,3532259943","0,3670495999",
"0,02796420852","0,6662242963","0,1489442104","0,01664937271","0,01737935153",
"0,6638404656","0,8532462973","0,04724302547","0,1605562023","0,1664705745",
"0,233240909","0,44602969","0,4632880851","0,2891817458","0,3176349818",
"0,2523398153","0,9276141182","0,8875693686","1,246541343","1,247733628",
"0,4914835612","0,3080075994","0,2080964475","0,1890106801","0,1785658465",
"0,1800501016","0,5838344658","0,2112728561","0,1332533248","0,1248366913",
"0,5810798689","0,6153201031","0,8060531047","1,729226329","1,730057725",
"0,8931310428","0,3579774531","0,713443724","1,368616686","1,457964232",
"0,009094702139","0,06852963506","0,3833272211","0,001433467366","0,001390642263",
"0,2642927431","0,5576451825","0,4496430838","0,3976146352","0,3918155243",
"0,4191257373","0,1345261127","0,4835231603","0,1635759514","0,148639428",
"0,08848959463","0,4757755243","0,1980354206","0,05002515324","0,04807034458",
"0,4729406915","0,7536423953","0,1331005422","0,2846446846","0,2910036228",
"0,6754885948","0,4450237425","0,9580024621","1,727901883","1,898068802",
"0,1212225464","0,4053463428","0,848685292","0,2502116851","0,2713441634",
"0,3840531628","0,4675615776","0,5571006142","0,6002263388","0,5515148799",
"0,9984704781","0,3802506735","0,09870870743","0,2248598599","0,2334299979",
"0,499540084","0,1510327615","0,5112475142","0,2314322967","0,2380345486",
"0,2324817826","0,1775516328","0,8387036978","0,2077176524","0,2176667859",
"0,9389710524","0,8802447422","0,1492217914","0,7400126485","0,7605378616",
"0,1922581667","0,8585246052","0,1612361764","0,1596802796","0,1678778817",
"0,3253068283","0,3499049809","0,7096327617","0,4846499943","0,5082524679",
"0,3801439241","0,8026303198","0,7958669722","1,456985895","1,354783769",
"0,4090426432","0,02339617471","0,7372782782","0,04233466536","0,03953012205",
"0,6531493375","0,07549972585","0,1978536832","0,0585400724","0,06432856659",
"0,2368009274","0,716422664","0,9402099785","0,9570372056","0,8862133347",
"0,4114952679","0,798076707","0,6407736715","1,262598852","1,16728002",
"0,9328954422","0,2356730222","0,4659326513","0,6146349311","0,5927563379",
"0,07431837144","0,8521405754","0,02026137825","0,007698882013","0,008226900474",
"0,2335715506","0,9378732523","0,7651749635","1,005717706","1,028472183",
"0,6562099358","0,6460594725","0,7541105757","1,91823399","2,100863602",
"0,7106132606","0,7733248841","0,2379024229","0,7844141298","0,8589501968",
"0,2249539432","0,7508270943","0,0767322863","0,07776119668","0,07998789382",
"0,860193013","0,1029243348","0,3051456345","0,1620960348","0,1732267557",
"0,4497438483","0,08321401781","0,350134757","0,07862274413","0,07996110469",
"0,2862952745","0,5445685279","0,4813577599","0,4502834099","0,4935007885",
"0,9076726984","0,1213559858","0,5040902392","0,3331578215","0,3494173271",
"0,1509661572","0,7327079536","0,1980902452","0,13146945","0,1228651444",
"0,6999158139","0,8775613434","0,9579791258","3,53045424","3,181993528",
"0,9243470381","0,03568639006","0,2666049821","0,05276636574","0,05803215604",
"0,7113934701","0,09093181394","0,02708963748","0,01051429536","0,01079345198",
"0,4773878867","0,5445985011","0,8835702532","1,378288629","1,376129251",
"0,330568789","0,2340630965","0,8661585025","0,4021086506","0,3782935938",
"0,4038745554","0,553024945","0,3522871058","0,4721056655","0,4293806872",
"0,009287817425","0,4272555048","0,02004642865","0,0004772979835","0,0004605038965",
"0,5236388917","0,0206141127","0,2871570707","0,01859804551","0,01955426617",
"0,8942114334","0,5220810473","0,03116130693","0,0872860942","0,09061652581",
"0,1463734058","0,3396391463","0,01965196723","0,005861883735","0,006055955928",
"0,1875548237","0,333700786","0,7692034896","0,2888537194","0,2638226833",
"0,40928559","0,9900670898","0,4613282376","1,121637105","1,023714627",
"0,5097990607","0,9760161998","0,0027695087","0,008268182257","0,008571886341",
"0,8389745396","0,2161498769","0,4880097492","0,5309865526","0,5701419439",
"0,533151795","0,2717017988","0,6041954039","0,5251363208","0,515516795",
"0,9285865768","0,7300336146","0,3768426188","1,532768345","1,589508237",
"0,5523195811","0,3846611351","0,8767578789","1,117634184","1,183067818",
"0,6188292965","0,1424511061","0,2953210271","0,1562004613","0,1454243293",
"0,5572440966","0,8478579793","0,1031112693","0,2922980858","0,309690398",
"0,9822403545","0,5374087398","0,8525406431","2,700155903","2,668896559",
"0,1976089531","0,5553070548","0,1498804684","0,09868158137","0,09609333539",
"0,4437860572","0,5002240994","0,2749278912","0,3661915476","0,3941572961",
"0,7860214653","0,6518951449","0,01803653283","0,05545190364","0,05205516894",
"0,5401052937","0,3327578844","0,5617101849","0,6057178015","0,5616210263",
"0,008828023477","0,5154043064","0,6225609147","0,01699591789","0,01656033012",
"0,4903314619","0,9557863821","0,6627599251","1,863623119","1,777370027",
"0,2116599031","0,6865045935","0,9165875971","0,7991112912","0,8167441458",
"0,8923690622","0,6188711939","0,159604435","0,5288603148","0,5346469716",
"0,2402900205","0,9975833876","0,1714606382","0,246604291","0,2233722959",
"0,2918395519","0,4786231377","0,4289177647","0,3594703908","0,3329566084",
"0,6635918752","0,6912146039","0,7898363066","2,173713531","2,007177439",
"0,521839312","0,03587279038","0,8393931691","0,09427979593","0,0986226581",
"0,4298368449","0,7431011571","0,2971066604","0,5693970535","0,5821197716",
"0,858492134","0,4630195253","0,1433573953","0,3419062012","0,3218800417",
"0,3338795806","0,2298317524","0,03815343601","0,01756648195","0,01789804986",
"0,6614733295","0,8299317961","0,04277427081","0,1408927373","0,1469022865",
"0,152718939","0,5542847093","0,841018839","0,4271523214","0,4165055163",
"0,2048043597","0,9285322006","0,557467995","0,6360735782","0,6477992421",
"0,5703696578","0,8846222914","0,3138838531","0,9502426487","0,9411983369",
"0,4889592186","0,7840676824","0,6266674736","1,441499832","1,331153585",
"0,5179421292","0,8283033313","0,1622839369","0,4177316977","0,3823876623",
"0,5515095904","0,4596089823","0,6116571898","0,9302526419","0,907452048",
"0,8374398022","0,2802865688","0,6733983327","0,9483729811","0,9665706081",
"0,9541066724","0,547237596","0,5188580785","1,625446549","1,490205446",
"0,1023024244","0,5126064771","0,3652821464","0,114934315","0,1153143885",
"0,9656281621","0,8854858532","0,7636273584","3,917637789","3,563828705",
"0,4365311218","0,9469119361","0,3709501431","0,9200079832","0,8569075883",
"0,4350008375","0,8418390539","0,7831530493","1,720747139","1,589609471",
"0,5378373164","0,03662394578","0,8782786641","0,1038005481","0,09821071148",
"0,355864549","0,6985607555","0,3728471454","0,5561231609","0,5658826133",
"0,1772925368","0,2234733651","0,4128969385","0,0981542561","0,1059647016",
"0,7753178685","0,729955773","0,0585576674","0,1988434821","0,1971409595",
"0,8951804241","0,7948319163","0,7968518395","3,401846429","3,611637795",
"0,5500482273","0,8627637098","0,373792757","1,064326243","1,066379474",
"0,6950464107","0,5020826736","0,6832320197","1,430567984","1,497180284",
"0,7678960172","0,9751208693","0,5371762895","2,413398017","2,284299163",
"0,3383135681","0,183046259","0,926636257","0,3443030045","0,3301836081",
"0,6471537333","0,9730138335","0,6238538354","2,357005389","2,23761428",
"0,5214177291","0,1180707505","0,05000082123","0,01846955813","0,01854311221",
"0,8186019676","0,5490661999","0,001985531757","0,005354582102","0,005615994205",
"0,265468845","0,02281288266","0,3866174615","0,01404838635","0,01491093206",
"0,958505232","0,6926732059","0,1213687079","0,4834826069","0,4745426352",
"0,3323511224","0,1021199134","0,367062359","0,07474784723","0,06915670734",
"0,3497265259","0,5018720666","0,9583242255","1,009218761","1,017417279",
"0,2964402411","0,4480218334","0,967222839","0,7707510589","0,8146658127",
"0,6310920634","0,0179783777","0,7550748359","0,05140252652","0,05067353829",
"0,0213741359","0,8280461812","0,6967872385","0,07399366918","0,07820514815",
"0,4835899855","0,7391270912","0,5618892527","1,205031488","1,295724012",
"0,01832309773","0,9733807147","0,1767105094","0,01891016267","0,01808218787",
"0,4804913264","0,1967509341","0,3683297951","0,2089250223","0,1905039989",
"0,3758464831","0,313464012","0,396667561","0,2803987769","0,3046938575",
"0,6847322888","0,7311530776","0,8712218715","2,617032645","2,528629247",
"0,3597067522","0,5161396342","0,05486668626","0,06111893549","0,05868155636",
"0,6517143154","0,06325783888","0,6997791052","0,1730947247","0,1876618391",
"0,1700691914","0,5604491886","0,9364458161","0,5355447863","0,4865866141",
"0,3330085292","0,8170450272","0,9341146384","1,52494007","1,382699321",
"0,8276037557","0,6004687772","0,3847788976","1,147295736","1,14506273",
"0,4733635587","0,1419136693","0,1967170634","0,07928888921","0,07350090323",
"0,4315093846","0,859448104","0,4422537465","0,9840851407","0,9709429214",
"0,650105527","0,5602221941","0,3550639352","0,7758932629","0,849923564",
"0,6119072536","0,8381469763","0,8914610502","2,743212222","2,692229059",
"0,2738080082","0,1195866379","0,7882072745","0,1548533095","0,1581806425",
"0,4850295689","0,4220643156","0,000384303248","0,0004720327768","0,0004913627848",
"0,008440962981","0,562380573","0,2848388811","0,008112838433","0,007911888731",
"0,7389253048","0,04972730947","0,3803635391","0,08385821843","0,07861409985",
"0,9876537325","0,1895903508","0,4520998854","0,507933184","0,4694322982",
"0,1348935934","0,05698663795","0,6957026399","0,0320877497","0,03025387475",
"0,4141013856","0,2491833915","0,2234322632","0,1383320813","0,1487762767",
"0,03854908046","0,06710402539","0,5393097642","0,008370514051","0,008680065292",
"0,09660822029","0,3300143668","0,8134027889","0,1555979375","0,1655269623",
"0,005453229739","0,8582052784","0,2083351762","0,005850039931","0,006397733304",
"0,8744207614","0,4037209123","0,6341049818","1,343117853","1,398566188",
"0,6788697655","0,3414125691","0,3041581696","0,4229769576","0,3849614575",
"0,8209062509","0,7948661559","0,07103431618","0,2781038639","0,2509538019",
"0,6288032556","0,0357955128","0,5471587185","0,07389379035","0,07265854632",
"0,4359970487","0,6427164184","0,1289300963","0,2167746538","0,2171944903",
"0,4175664737","0,9694525766","0,2714965954","0,6594286769","0,6309282135",
"0,5057861018","0,9685676615","0,2658053907","0,781289326","0,7804231108",
"0,3413247533","0,08693152223","0,1597436274","0,02843936282","0,03066923513",
"0,9103888576","0,6056504972","0,9051887288","2,994603996","3,136636957",
"0,5211457986","0,6473309691","0,6309336884","1,27708732","1,278162421",
"0,8320748811","0,2626702075","0,2745493113","0,3600350961","0,3762183001",
"0,4309200434","0,4784251914","0,225788792","0,2792957741","0,2993396317",
"0,692430145","0,3584209168","0,1871645124","0,2787045575","0,3006621252",
"0,5111206949","0,3617808996","0,4850599189","0,5381653599","0,5447696088",
"0,820761957","0,9182213656","0,9436378315","4,266985888","4,07795816",
"0,2628746578","0,891968249","0,4147186744","0,5834490778","0,6076779426",
"0,6200459986","0,400851202","0,6593293705","0,9832427935","1,060078992",
"0,5104751143","0,3376195637","0,2269084042","0,2346410596","0,2173899104",
"0,59851012","0,4180379679","0,4596920097","0,6900895191","0,7551005778",
"0,3046651778","0,8693881111","0,7679948854","1,220523354","1,237753067",
"0,5246477204","0,7113054051","0,2646082115","0,5924865103","0,5357936047",
"0,9842678203","0,8740654556","0,8527538171","4,401818847","4,522606753",
"0,5443743113","0,710209934","0,3961175525","0,9188819129","0,9952689564",
"0,06866433297","0,3876114488","0,6528286352","0,1042505243","0,1044935521",
"0,9776311951","0,4618630491","0,2853554386","0,7730822","0,82038241",
"0,09498702574","0,2231444537","0,7023452278","0,08932073173","0,08299480257",
"0,7475677585","0,5974793776","0,8711633892","2,334663796","2,369630544",
"0,9965775035","0,4916615672","0,926362328","2,723387729","2,720987125",
"0,7511971536","0,3939524949","0,3248720594","0,5768480126","0,524580153",
"0,7262754438","0,5901708654","0,1391766967","0,3579290118","0,3899944654",
"0,6719362036","0,4567103769","0,9065241065","1,669165995","1,686843443",
"0,2205777049","0,6188989778","0,5480218457","0,448880253","0,4701852562",
"0,680657938","0,3570368828","0,6637366311","0,9678076104","1,060276756",
"0,4679025421","0,6692978774","0,110157192","0,206985041","0,2113974937",
"0,5448706445","0,9184844988","0,3850754283","1,156278097","1,150849834",
"0,9534890206","0,6588472914","0,8826237484","3,326804808","3,25395225",
"0,9405902692","0,1818918651","0,4779193591","0,4905910613","0,4703886487",
"0,5003695513","0,8663897457","0,3570491007","0,9287169487","0,8602619573",
"0,2667099164","0,2589281464","0,9721539484","0,4028141524","0,4282539124",
"0,9840008899","0,1103290122","0,8479543204","0,5523430946","0,5022721065",
"0,2286389649","0,8852100825","0,5745934582","0,697763945","0,6567558481",
"0,3692894168","0,50697561","0,291302663","0,3272273787","0,3185873019",
"0,5712542527","0,03419738743","0,9868612257","0,1156723905","0,1251286793",
"0,3827789825","0,9212691484","0,8779205291","1,857552369","1,740660946",
"0,9884718078","0,1837116867","0,6267534657","0,6828873476","0,6663589189",
"0,09769295527","0,8788029208","0,1894213818","0,09757419793","0,1039131785",
"0,7588314525","0,9226169613","0,4881935862","2,050737522","2,161326058",
"0,06147094804","0,7264070628","0,3960053161","0,1060967879","0,1069391476",
"0,5973312123","0,4336368461","0,3691954923","0,5737847822","0,605873591",
"0,9486691207","0,9165157445","0,4177510168","2,179332324","2,370329865",
"0,5704277977","0,8302897969","0,7753690085","2,203383388","2,196714437",
"0,2689877938","0,2342898061","0,1236428457","0,04675264741","0,04512999849",
"0,3938235164","0,4054402969","0,856109589","0,8201799885","0,9018824653",
"0,4212561259","0,7002419785","0,8535930578","1,510763545","1,422209779",
"0,6747158574","0,06306415873","0,0925424121","0,02362629321","0,02188410564",
"0,4580753903","0,4573029912","0,08426205691","0,105906913","0,1042764381",
"0,5280319362","0,7537039647","0,6744796806","1,610575584","1,63278063",
"0,7392570892","0,7103801243","0,533800811","1,681964323","1,756920024",
"0,7993817898","0,7710657871","0,5751717114","2,127132056","1,993687803",
"0,2100721966","0,3271282881","0,6061294774","0,2499213357","0,268467889",
"0,8787350843","0,6487290192","0,9576823456","3,275623843","3,068643108",
"0,1756622761","0,9576350999","0,8325247599","0,8402856955","0,8181114254",
"0,7539749735","0,9315723955","0,3786166306","1,595601656","1,545368615",
"0,06688324371","0,9928990267","0,9757551867","0,3887895034","0,3915399603",
"0,7014573329","0,7989634928","0,1501199549","0,5047982849","0,5004909572",
"0,04461765217","0,6903598232","0,1465308449","0,02708086463","0,026291955",
"0,4635734501","0,8518285964","0,4891229473","1,158884246","1,156198079",
"0,1865825555","0,7604588244","0,6485089409","0,5520951845","0,5358886149",
"0,2462734487","0,01236763519","0,7364203309","0,01345802339","0,01232579027",
"0,08838727859","0,3705172773","0,1495239763","0,02938057658","0,03137032431",
"0,6608783446","0,5454693871","0,9331652234","2,018374261","1,965869932",
"0,7126890514","0,1985100973","0,0842256772","0,07149545779","0,06966193265",
"0,3157350514","0,5200137785","0,5676792924","0,5592319195","0,5908542252",
"0,2885146304","0,005085606402","0,1661660543","0,001462864645","0,001335730312",
"0,06892129361","0,3645408129","0,9731908938","0,146706334","0,1353258115",
"0,6270440633","0,4110730783","0,3429628421","0,5304145337","0,5506537704",
"0,6209811966","0,5166634723","0,9924185052","1,910435204","1,921256938",
"0,8383963818","0,7214864963","0,1119862708","0,406437373","0,4355980749",
"0,7473890867","0,9536765277","0,4061295542","1,736855509","1,682401166",
"0,6423512779","0,8555579738","0,5497048981","1,812603828","1,813522466",
"0,8380416391","0,7607594904","0,7313756938","2,797723237","2,919500386",
"0,1287391204","0,6836249993","0,7471390468","0,3945310224","0,3797862218",
"0,7726398585","0,9338094936","0,2656012227","1,149785199","1,067174982",
"0,382822538","0,371886325","0,2166927374","0,1850986764","0,1907381995",
"0,4665358031","0,6202156071","0,3229403564","0,5606621517","0,5089697303",
"0,1178782812","0,05938688547","0,6999725289","0,02940062687","0,0277600382",
"0,5748056177","0,7198681458","0,06957747177","0,1727403736","0,1691859852",
"0,700006099","0,2804800105","0,1981888859","0,2334717216","0,2349203191",
"0,9494162605","0,6505827699","0,009992910175","0,03703415643","0,03898030647",
"0,3856953683","0,7709469359","0,8306287973","1,481928138","1,366473967",
"0,06494629731","0,5302270506","0,2523203944","0,05213386007","0,05202060203",
"0,4757565055","0,5055692926","0,7448721669","1,074975139","1,108162071",
"0,02510070832","0,6486152582","0,1391004027","0,01358791356","0,01471554924",
"0,502878282","0,1860002385","0,0254042913","0,01425721555","0,01502206877",
"0,1510405891","0,9552519352","0,5727435505","0,4958188741","0,478752289",
"0,6754380108","0,6851542736","0,7236880901","2,009446944","2,204309019",
"0,9522818856","0,1369558239","0,4994678118","0,3908452009","0,4127223609",
"0,08652648544","0,7410353369","0,4393575249","0,169027474","0,178270216",
"0,3636694613","0,418099457","0,1009105875","0,09206073155","0,100607227",
"0,7318366029","0,1400866514","0,5738644573","0,3529973611","0,3817795017",
"0,07289960753","0,404603907","0,5417387679","0,09587302454","0,09794586962",
"0,05861159442","0,7270269484","0,5376577056","0,137464694","0,1478703374",
"0,09056819081","0,4830026057","0,850206425","0,223152008","0,2423259091",
"0,5638882294","0,3921218024","0,9809338365","1,301382568","1,375581429",
"0,1602054314","0,5530270199","0,08568493856","0,04554905032","0,04318018709",
"0,1755606466","0,1134328501","0,02542726615","0,003038204027","0,0027583644",
"0,353793363","0,2445927332","0,2447872491","0,1270964071","0,1246742107",
"0,6642135295","0,6444235864","0,5679881592","1,45871241","1,366201684",
"0,13654489","0,4792198106","0,9510188313","0,3733795966","0,3803686909",
"0,8552380867","0,3381379316","0,9013377319","1,563938703","1,569896378",
"0,1540714319","0,9663793444","0,3902346701","0,3486156336","0,3222848052",
"0,7255826208","0,2678876523","0,1270228525","0,1481401159","0,1388866319",
"0,03942768655","0,3647111644","0,9270099533","0,07998084734","0,08177546237",
"0,6918596347","0,4489961406","0,421977082","0,7865036026","0,8282133142",
"0,1539658204","0,7273294524","0,549911065","0,3694870346","0,3797634631",
"0,2188159431","0,872781432","0,04311099114","0,0493996325","0,05151712294",
"0,5646521458","0,03346495809","0,6342793043","0,07191228026","0,06927870114",
"0,8198796492","0,8468784826","0,7220139588","3,007932245","3,129308632",
"0,8748200086","0,08255870849","0,320332282","0,1388140918","0,1314872771",
"0,1832599028","0,9875817125","0,6002809682","0,6518479677","0,6312889375",
"0,1216946882","0,4918154218","0,1260931875","0,04528106562","0,04138320162",
"0,464650484","0,1506436894","0,1994424949","0,08376185483","0,08643499535",
"0,642003713","0,6474659052","0,7459449118","1,860426213","1,766878683",
"0,245859434","0,7155240346","0,8003535382","0,8447811671","0,7623097558",
"0,09927116054","0,07002297838","0,526671864","0,02196620573","0,01983318855",
"0,6006615184","0,3812053637","0,5456987787","0,7497095525","0,7379363247",
"0,2288107151","0,07421421819","0,01701523145","0,001733614722","0,001582266369",
"0,5459816113","0,9942605502","0,1746272846","0,5687764094","0,6099954111",
"0,9579214952","0,8477323377","0,6104743368","2,974454507","3,234615396",
"0,6274217223","0,7448775813","0,4771980869","1,338117956","1,407911683",
"0,5214260327","0,1052815507","0,4539076111","0,1495077475","0,1457829639",
"0,8105279056","0,2451556194","0,8231842388","0,98142727","1,001179632",
"0,8416652509","0,4645597021","0,9891158659","2,320488125","2,301268406",
"0,3685588979","0,7854386575","0,8078497805","1,403140094","1,377831005",
"0,5557011323","0,2608734883","0,1968501245","0,1712214503","0,1727536157",
"0,2975051619","0,2661319098","0,5777201407","0,2744480912","0,2498134334",
"0,632219824","0,9922307617","0,4915197705","1,85000558","1,871884192",
"0,501465506","0,569860549","0,4913646697","0,8424901537","0,8614353041",
"0,9610461243","0,2453120871","0,392355503","0,5550015266","0,5064805572",
"0,7061084274","0,1956118374","0,7511867072","0,6225377215","0,6794812682",
"0,7569699799","0,2761375322","0,398100976","0,4992850802","0,5419098837",
"0,7328296538","0,8744092467","0,6576770985","2,528609386","2,420440196",
"0,187567963","0,3420847704","0,6957863743","0,2678672209","0,2516834089",
"0,4375010594","0,2549825135","0,4111660728","0,275206083","0,2850597228",
"0,6058206624","0,04187625803","0,4212234764","0,06411737991","0,06421839274",
"0,6496466358","0,04582929934","0,4695623506","0,08388125696","0,08131702544",
"0,8896541249","0,9080570018","0,5941229809","2,879797233","3,090849877",
"0,7828612107","0,7631448934","0,4937805308","1,770015177","1,650961052",
"0,1122625303","0,1062747374","0,7118694008","0,05095847737","0,05552131707",
"0,1958151882","0,3265833691","0,8335373003","0,3198281815","0,347831902",
"0,4925215611","0,5744235724","0,3938131192","0,6684961818","0,6896124808",
"0,7138956096","0,6090908301","0,3610729699","0,9420262414","0,9334995845",
"0,9104230971","0,2326122252","0,7164031725","0,9103000231","0,8767884066",
"0,1511800222","0,953625618","0,6133904964","0,5305918899","0,4917773194",
"0,2778210949","0,9152931494","0,7156534447","1,091891403","1,140830641",
"0,9559053911","0,9670842748","0,5971771186","3,312330334","3,011262779",
"0,4925729018","0,5261809951","0,4075085628","0,6337145274","0,6491938039",
"0,8228897534","0,2669454898","0,0151950095","0,02002702632","0,01887350203",
"0,2902074482","0,154371013","0,9919719423","0,2666397831","0,2899775308",
"0,93462037","0,5439060913","0,9372286597","2,858617024","2,908709091",
"0,9605008065","0,7790328292","0,2698226876","1,211387834","1,126869835",
"0,3981976858","0,3971263331","0,2394161948","0,2271601736","0,2361710017",
"0,9888559174","0,9460257021","0,770951851","4,327274628","4,174890501",
"0,005402396059","0,05875419883","0,2278515083","0,0004339388032","0,0004615365679",
"0,2893682629","0,8417006632","0,4334858924","0,6334827379","0,6427138073",
"0,05334030399","0,8404208284","0,3287332389","0,08841931839","0,08400978645",
"0,8462263743","0,3890949707","0,5987570368","1,182889168","1,129404701",
"0,09704961403","0,9737744102","0,2291864153","0,1299547902","0,119117638",
"0,5040971621","0,9248790968","0,5177716886","1,448400836","1,336666506",
"0,9648864359","0,3753535951","0,3794520446","0,8245650613","0,8849765131",
"0,0309462722","0,2101072994","0,8721900572","0,0340260757","0,03373531747",
"0,5323178867","0,7168289623","0,8858116269","2,028052671","2,030332406",
"0,8060418241","0,715494518","0,07215654751","0,2496840979","0,2657353484",
"0,8279575442","0,3266184922","0,9298941762","1,50880674","1,373249369",
"0,9025040648","0,4871652163","0,3329335368","0,878282508","0,9086233427",
"0,3234070223","0,7679938262","0,4175382834","0,6222354158","0,6430279405",
"0,4816404727","0,3292894005","0,983634326","0,9360211279","0,8580548495",
"0,349977767","0,1400463674","0,3909049552","0,1149568171","0,1114915987",
"0,292515021","0,3765570603","0,80899625","0,5346588085","0,4914610633",
"0,6830434481","0,01740767659","0,2109461134","0,01504914816","0,01552285265",
"0,3749371835","0,4159917731","0,8567756929","0,8017918579","0,7447324803",
"0,4591197982","0,5966767838","0,8416311368","1,383369529","1,267863655",
"0,450641935","0,05123410322","0,3998058736","0,05538487279","0,05555685229",
"0,8404228073","0,7444788974","0,02865767373","0,1075826917","0,1072432214",
"0,8123103983","0,1833356159","0,1669779422","0,1492035683","0,1426998783",
"0,6433709032","0,7644747566","0,3779767942","1,115426486","1,052236199",
"0,09282304989","0,4636105161","0,548459751","0,1416136528","0,1326063303",
"0,5061595181","0,4170893409","0,4957320876","0,6279351296","0,5809505146",
"0,1304396375","0,7126431985","0,9375463531","0,5229085309","0,5446370571",
"0,919150695","0,9629918057","0,4716533878","2,504860361","2,277594972",
"0,2052801168","0,6047135347","0,3479667965","0,2591705381","0,2768535637",
"0,4915226885","0,2643166457","0,1711925624","0,1334455902","0,1458015615",
"0,3774869832","0,7013761589","0,7976928707","1,267184759","1,392463827",
"0,4176705035","0,599278174","0,4744985274","0,7126042134","0,7511037342",
"0,1298500785","0,6475317639","0,9878822605","0,4983789959","0,4850974285",
"0,05462068881","0,2373297292","0,767583934","0,05970166496","0,06484020477",
"0,3326656996","0,6870068353","0,5412340911","0,7421735565","0,6731744895",
"0,4727320669","0,72261061","0,4857447894","0,9955860386","0,9163282309",
"0,9845036373","0,7344800573","0,4635588645","2,011191728","1,876804991",
"0,519829751","0,5404947045","0,2425902509","0,4089565504","0,4084367729",
"0,7208133594","0,8817571911","0,7247148792","2,763695973","2,546376416",
"0,3954201764","0,5411087858","0,2891788008","0,371245428","0,3914763201",
"0,6574844865","0,1972190823","0,5423072106","0,4219209332","0,3958045277",
"0,5966444338","0,3883613345","0,5541244353","0,7703891014","0,7662387671",
"0,3862819229","0,9791975337","0,4188800536","0,9506389984","0,970162004",
"0,8291533715","0,9450700833","0,9626376372","4,525983587","4,209670268",
"0,4543236843","0,6816388676","0,5090791313","0,9459240524","1,032079673",
"0,6102606275","0,02408322839","0,8439352642","0,07442013276","0,07908228665",
"0,2344035321","0,6813931212","0,9588614278","0,9189015739","0,9003873742",
"0,6928128195","0,2898612659","0,06404830368","0,0771729287","0,07318150651",
"0,9740533784","0,9916351694","0,3988578352","2,311554069","2,282736147",
"0,5485849982","0,3209573763","0,6946596734","0,7338623823","0,7527251088",
"0,9489844137","0,239231311","0,4261431086","0,5804754003","0,594305281",
"0,240178627","0,3054629406","0,006222941985","0,002739301836","0,002466937047",
"0,944264581","0,462378172","0,2637587615","0,6909540531","0,6372430421",
"0,4289970452","0,4811515575","0,8913813377","1,103954018","1,046850877",
"0,8507264848","0,9987578889","0,6393127813","3,259228532","3,429771707",
"0,6906597255","0,02027027017","0,3468812572","0,02913773262","0,02775352573",
"0,5542244512","0,3270934462","0,5199159341","0,565512101","0,5833867246",
"0,9930730937","0,4443214351","0,8111386512","2,147458734","2,136750814",
"0,7741701216","0,8027962118","0,6308028604","2,352267049","2,487507597",
"0,2193123425","0,01351205589","0,2408783891","0,00428285721","0,004295284593",
"0,29108804","0,8509451246","0,572548443","0,850921319","0,7805354766",
"0,1486142722","0,6237009788","0,1624591278","0,09035086447","0,08425076994",
"0,5096975907","0,1098180486","0,943269555","0,3167913909","0,3334793964",
"0,8333986456","0,1436568797","0,2283752261","0,1640512184","0,1650316582",
"0,4063105044","0,9714315767","0,7271719588","1,722101085","1,581419235",
"0,8957032182","0,4983838176","0,3018790196","0,8085599918","0,8390386348",
"0,1823316008","0,8609805706","0,5919544996","0,5575641891","0,5129811293",
"0,8082457386","0,1394342875","0,8656952367","0,5853684126","0,5293204401",
"0,917685835","0,8067746884","0,8607411319","3,823579282","3,816692719",
"0,6971474104","0,4078949572","0,76554038","1,306147756","1,279481658",
"0,9205091567","0,4514390431","0,2083176964","0,5194032281","0,493443843",
"0,9069231928","0,0856051842","0,444870293","0,2072312424","0,2101949102",
"0,4870080922","0,6721032992","0,4485780492","0,8809707174","0,8782956679",
"0,383549355","0,6187858503","0,9713403277","1,383197837","1,484695339",
"0,3057057392","0,6434900534","0,705426743","0,8326233779","0,9107020335",
"0,5662641507","0,8873750781","0,1933852673","0,5830434636","0,6012021996",
"0,6041722854","0,1778024713","0,3212632114","0,207066975","0,1989624488",
"0,7193770463","0,3628679332","0,2707402719","0,4240423947","0,4125083597",
"0,3877305131","0,8967958257","0,787032208","1,641977924","1,771232316",
"0,5960139443","0,2553502158","0,8973892908","0,8194543834","0,8793407434",
"0,2556014905","0,575220113","0,9602351327","0,8470836266","0,8535347661",
"0,6987907878","0,08283340626","0,6592256247","0,228948616","0,2201055824",
"0,5007083941","0,3848847122","0,7599541874","0,8787274553","0,8328164898",
"0,7083972757","0,617195218","0,8496493738","2,228899193","2,174444935",
"0,6582075983","0,7619929206","0,2316652648","0,6971496282","0,6349451482",
"0,4886152723","0,5633938583","0,4905389688","0,810221773","0,7548548405",
"0,7212099","0,9173191982","0,4033510067","1,601092997","1,719988069",
"0,3721529786","0,6326587258","0,3877798726","0,5478069221","0,5264157654",
"0,6996633531","0,2625739092","0,20524529","0,2262377886","0,2475211629",
"0,6907287344","0,9747010054","0,4821932419","1,94783115","2,142566237",
"0,5726859184","0,09336732039","0,0986353993","0,03164429735","0,0341085562",
"0,0680934165","0,6653907163","0,05878872153","0,01598185287","0,01694418436",
"0,4415834395","0,05911412895","0,1078439247","0,01689083064","0,01714847752",
"0,257273525","0,1096960948","0,148403568","0,02512938481","0,02749687393",
"0,4993084071","0,275708986","0,03024993445","0,02498592821","0,02298998352",
"0,01250300541","0,6479837528","0,6227400637","0,03027168481","0,03159327733",
"0,4142829833","0,3636716202","0,5215608779","0,471479446","0,4659773271",
"0,9594756634","0,2581676061","0,5514594089","0,819597288","0,8800524021",
"0,7075147611","0,391654228","0,03020771205","0,05022355004","0,04993749232",
"0,8101986593","0,2659275041","0,6913396887","0,8937118526","0,8304860868",
"0,4601019345","0,2947904479","0,6515259325","0,5302130628","0,5007904352",
"0,7844934089","0,2276794843","0,9236919223","0,9899006156","0,9828566223",
"0,2049979565","0,1445453219","0,5582503544","0,09925075754","0,1032986069",
"0,3008321282","0,281674423","0,7865081841","0,3998767243","0,392135201",
"0,566853976","0,9498136988","0,8608612803","2,780955575","2,958825275",
"0,01459794307","0,9951653013","0,2795733784","0,02436878945","0,02443801063",
"0,2545803729","0,9494600864","0,3846704058","0,5578811106","0,5670251684",
"0,07002271478","0,121771594","0,9995142635","0,05113581495","0,05528254284",
"0,4737795241","0,5488642001","0,6985455623","1,089901325","1,11638055",
"0,02912173508","0,3528660277","0,6111193459","0,03767943465","0,03402670281",
"0,004354219716","0,7950294935","0,7742904871","0,01608232203","0,01650200768",
"0,711165913","0,5580221033","0,2329986773","0,554787976","0,5966908812",
"0,8294518796","0,1672468681","0,3304888139","0,2750788527","0,2767879029",
"0,06199353093","0,6984224329","0,6396461384","0,1661711348","0,1824375749",
"0,7556670102","0,2771273185","0,3577870535","0,449557942","0,4878627659",
"0,9442722907","0,427896636","0,2162266612","0,52419951","0,4767361061",
"0,334406553","0,07009764937","0,624946821","0,08789669543","0,08550869609",
"0,2463110261","0,8113155978","0,3830696449","0,4593065814","0,5020666927",
"0,1869758388","0,250385218","0,4204917506","0,1181144159","0,1207175321",
"0,1249474842","0,8599243989","0,09816503712","0,06328428434","0,06087678615",
"0,6108336713","0,8164231544","0,1404750683","0,4203284481","0,4608488694",
"0,2822857181","0,05648204664","0,9903139746","0,09473784228","0,09236388677",
"0,8642892287","0,8999321522","0,03899868671","0,1819994609","0,1918077458",
"0,5096334343","0,3965495316","0,443487683","0,5377595927","0,5750105209",
"0,5074941758","0,1092467496","0,9179415262","0,3053555754","0,2884368706",
"0,9760268134","0,9608125678","0,3930314806","2,21145961","2,111589292",
"0,537861149","0,5484519086","0,3523514457","0,6236429763","0,6692761178",
"0,8824873701","0,7399478549","0,8833708844","3,461018697","3,343647505",
"0,1700899855","0,8343960104","0,2876886661","0,2449768048","0,2347550026",
"0,7140141981","0,519377059","0,3297181648","0,7336412376","0,685073759",
"0,0499965489","0,1825980549","0,2672787202","0,01464036175","0,01560601486",
"0,7947840787","0,5855556651","0,5059480039","1,41277982","1,460400214",
"0,4856398211","0,8525374975","0,8687547998","2,158123271","2,273947359",
"0,6617428812","0,9055999065","0,208441723","0,7494825949","0,7070758114",
"0,1602735865","0,5080011786","0,06589287669","0,03218966031","0,03063916984",
"0,7194840375","0,1535709974","0,3105507076","0,2058799915","0,1929662917",
"0,4439814176","0,8873848313","0,5591359359","1,321738225","1,406350856",
"0,1049048225","0,4832436775","0,091782015","0,02791711094","0,02942441063",
"0,2321825533","0,3235479193","0,7094611633","0,3197776239","0,3458978374",
"0,8816179866","0,5804449743","0,6953716379","2,135058213","2,047095169",
"0,5503421805","0,2875764172","0,5943886546","0,5644270649","0,5640456721",
"0,887605806","0,1479418807","0,8112165292","0,6391448756","0,5786378591",
"0,5191272694","0,1433075575","0,1133043036","0,05057554754","0,05357356836",
"0,3893965913","0,290388788","0,9999414427","0,6784186965","0,6704542311",
"0,6699901369","0,530539306","0,686445701","1,464007879","1,387205874",
"0,344499204","0,06215363385","0,8480664971","0,1089521751","0,1102793666",
"0,7379296659","0,2884262324","0,3055730495","0,3902258414","0,4147234995",
"0,5614613018","0,8311800686","0,5818208014","1,629128883","1,665079432",
"0,5892972547","0,08372653015","0,8453357261","0,2502522468","0,2668772035",
"0,4723498636","0,7897966422","0,1542518258","0,3452714279","0,3534398573",
"0,7244237784","0,1215049858","0,1765978229","0,09326600867","0,09642933745",
"0,02245060128","0,4290596121","0,77116591","0,04457021059","0,04618798029",
"0,1371181653","0,6419346886","0,7335693419","0,3874166318","0,3574768252",
"0,3414253707","0,6854473295","0,5284858539","0,7420864396","0,7234757547",
"0,228420749","0,7024226594","0,4757026929","0,4579530171","0,4467255785",
"0,2220632369","0,6942675944","0,3173335086","0,2935423349","0,308661661",
"0,9262066083","0,8189797955","0,3062735799","1,393932835","1,426587663",
"0,908243824","0,1478798168","0,5121742195","0,4127435753","0,4372348638",
"0,3242713945","0,9072601747","0,8188196674","1,445373216","1,375696475",
"0,5220586724","0,4917763769","0,6184498102","0,9526704373","1,03520675",
"0,6464634003","0,08782912828","0,04972744654","0,01694064431","0,01616515533",
"0,4585908332","0,008848371818","0,0241640958","0,0005883158275","0,0005710636921",
"0,4884488189","0,9709279991","0,7329347426","2,085559804","2,131910928",
"0,8911416391","0,981034182","0,1078749911","0,5658520579","0,5157207204",
"0,3701290167","0,1353572466","0,3467714623","0,1042387621","0,1136646306",
"0,8833506241","0,8954005882","0,1146236958","0,5439715084","0,5534409562",
"0,1270181718","0,4892940475","0,1823428403","0,06799480863","0,07169843514",
"0,5494366697","0,2240426661","0,660753053","0,4880213276","0,5123034317",
"0,5136047608","0,82621476","0,3696343032","0,941121096","0,9209856963",
"0,8695793084","0,8776414284","0,2857141665","1,308306014","1,301771223",
"0,2235563803","0,1480540247","0,596883306","0,1185353728","0,1140327731",
"0,6122652685","0,5628481971","0,7793444324","1,611430543","1,549149074",
"0,9414069013","0,6548685474","0,4290403479","1,587014507","1,587339178",
"0,8753813266","0,09375134434","0,8003492413","0,3940992152","0,4008434907",
"0,8220301081","0,8332826685","0,1537737116","0,6319946778","0,6253436901",
"0,8971970577","0,1755353854","0,617596993","0,5835914776","0,5449277006",
"0,1948276611","0,9056931057","0,8930314832","0,9454742363","0,9675091597",
"0,4495322119","0,3301939902","0,2802204092","0,2495634582","0,2377907571",
"0,259335049","0,3225481895","0,952354672","0,4779756704","0,4921898033",